f_name,l_name,email
Jane,Doe,jane.doe1@example.com
John,Smith,john.smith2@example.com
Alice,Johnson,alice.johnson3@example.com
Bob,Brown,bob.brown4@example.com
Clara,Williams,clara.williams5@example.com
David,Jones,david.jones6@example.com
Ella,Miller,ella.miller7@example.com
Fred,Davis,fred.davis8@example.com
Grace,Garcia,grace.garcia9@example.com
Hank,Martinez,hank.martinez10@example.com
Ivy,Rodriguez,ivy.rodriguez11@example.com
Jack,Lee,jack.lee12@example.com
Kate,Perez,kate.perez13@example.com
Liam,Thompson,liam.thompson14@example.com
Mia,White,mia.white15@example.com
Noah,Harris,noah.harris16@example.com
Olivia,Sanchez,olivia.sanchez17@example.com
Paul,Clark,paul.clark18@example.com
Quinn,Ramirez,quinn.ramirez19@example.com
Rose,Lewis,rose.lewis20@example.com
Sam,Robinson,sam.robinson21@example.com
Tina,Walker,tina.walker22@example.com
Umar,Young,umar.young23@example.com
Vera,Allen,vera.allen24@example.com
Will,Baker,will.baker25@example.com
Xena,Nelson,xena.nelson26@example.com
Yuri,Campbell,yuri.campbell27@example.com
Zoe,Mitchell,zoe.mitchell28@example.com
Aaron,Carter,aaron.carter29@example.com
Bella,Reed,bella.reed30@example.com
