f_name,l_name,email
Emma,Johnson,emma.johnson@example.com
Liam,Smith,liam.smith@example.com
Olivia,Brown,olivia.brown@example.com
Noah,Jones,noah.jones@example.com
Ava,Garcia,ava.garcia@example.com
William,Martinez,william.martinez@example.com
Sophia,Rodriguez,sophia.rodriguez@example.com
James,Wilson,james.wilson@example.com
Isabella,Anderson,isabella.anderson@example.com
Benjamin,Thomas,benjamin.thomas@example.com
Mia,Taylor,mia.taylor@example.com
Lucas,Moore,lucas.moore@example.com
Charlotte,Jackson,charlotte.jackson@example.com
Henry,Martin,henry.martin@example.com
Amelia,Lee,amelia.lee@example.com
Alexander,Perez,alexander.perez@example.com
Harper,Thompson,harper.thompson@example.com
Ethan,White,ethan.white@example.com
Evelyn,Harris,evelyn.harris@example.com
Daniel,Sanchez,daniel.sanchez@example.com
Abigail,Clark,abigail.clark@example.com
Matthew,Ramirez,matthew.ramirez@example.com
Ella,Lewis,ella.lewis@example.com
Samuel,Robinson,samuel.robinson@example.com
Scarlett,Walker,scarlett.walker@example.com
David,Young,david.young@example.com
Victoria,Allen,victoria.allen@example.com
Joseph,King,joseph.king@example.com
Grace,Wright,grace.wright@example.com
Carter,Scott,carter.scott@example.com
